Plan Day,WONUM,EmployeeID,Start Date/Time,Finish Date/Time
1,0016510638,1197,2021-03-08 08:00:00,2021-03-08 16:00:00
1,0014942479,1823,2021-03-08 08:00:00,2021-03-08 16:00:00
1,0015489533,24752,2021-03-08 08:00:00,2021-03-08 16:00:00
1,0015578499,15492,2021-03-08 08:00:00,2021-03-08 16:00:00
1,0016385345,9030,2021-03-08 08:00:00,2021-03-08 16:00:00
1,0016756393,33142,2021-03-08 08:00:00,2021-03-08 08:00:00
1,0016617582,33142,2021-03-08 09:00:00,2021-03-08 10:00:00
1,0016661548,33142,2021-03-08 11:00:00,2021-03-08 16:00:00
1,0016678449-01,7328,2021-03-08 08:00:00,2021-03-08 16:00:00
1,0016283332,7270,2021-03-08 08:00:00,2021-03-08 16:00:00
1,0016260865,24441,2021-03-08 08:00:00,2021-03-08 16:00:00
1,0015107756,16743,2021-03-08 08:00:00,2021-03-08 16:00:00
1,0014780628,20602,2021-03-08 08:00:00,2021-03-08 16:00:00
1,0016278051-01,18004,2021-03-08 08:00:00,2021-03-08 16:00:00
1,0014601183,4203,2021-03-08 08:00:00,2021-03-08 16:00:00
1,0015912645,30885,2021-03-08 08:00:00,2021-03-08 16:00:00
1,0016345320,601,2021-03-08 08:00:00,2021-03-08 16:00:00
1,0015334462,1775,2021-03-08 08:00:00,2021-03-08 16:00:00
4,0016464834,22201,2021-03-08 08:00:00,2021-03-08 16:00:00
1,0014367643,24346,2021-03-08 08:00:00,2021-03-08 16:00:00
1,0016387049,22336,2021-03-08 08:00:00,2021-03-08 16:00:00
1,0016317361,4443,2021-03-08 08:00:00,2021-03-08 16:00:00
6,0015987864,25803,2021-03-08 08:00:00,2021-03-08 16:00:00
1,0016864746,13945,2021-03-08 08:00:00,2021-03-08 16:00:00
1,0015489531,30192,2021-03-08 08:00:00,2021-03-08 16:00:00
1,0015489544,24327,2021-03-08 08:00:00,2021-03-08 16:00:00
1,0015489536,21572,2021-03-08 08:00:00,2021-03-08 16:00:00
1,0014826780,19743,2021-03-08 08:00:00,2021-03-08 16:00:00
1,0016511275,2102,2021-03-08 08:00:00,2021-03-08 16:00:00
1,0016719068,4607,2021-03-08 08:00:00,2021-03-08 16:00:00
1,0015489535,24126,2021-03-08 08:00:00,2021-03-08 16:00:00
1,0014771443,24348,2021-03-08 08:00:00,2021-03-08 16:00:00
1,0015489195,88833,2021-03-08 08:00:00,2021-03-08 16:00:00
1,0014466115,13031,2021-03-08 08:00:00,2021-03-08 16:00:00
1,0015403246,9019,2021-03-08 08:00:00,2021-03-08 16:00:00
1,0016753321,87163,2021-03-08 08:00:00,2021-03-08 11:00:00
1,0016511594,87163,2021-03-08 13:00:00,2021-03-08 13:00:00
1,0016718971,87163,2021-03-08 14:00:00,2021-03-08 14:00:00
1,0016722365,87163,2021-03-08 15:00:00,2021-03-08 15:00:00
1,0015489534,24755,2021-03-08 08:00:00,2021-03-08 16:00:00
1,0016596789,13009,2021-03-08 08:00:00,2021-03-08 16:00:00
1,0015489532,21101,2021-03-08 08:00:00,2021-03-08 16:00:00
1,0016756393,17216,2021-03-08 08:00:00,2021-03-08 08:00:00
1,0016617582,17216,2021-03-08 09:00:00,2021-03-08 10:00:00
1,0016661548,17216,2021-03-08 11:00:00,2021-03-08 16:00:00
1,0015369030,16179,2021-03-08 08:00:00,2021-03-08 16:00:00
1,0016524437,1197,2021-03-09 08:00:00,2021-03-09 16:00:00
1,0015806808,1823,2021-03-09 08:00:00,2021-03-09 16:00:00
1,0016150373,24752,2021-03-09 08:00:00,2021-03-09 16:00:00
1,0016492832,15492,2021-03-09 08:00:00,2021-03-09 16:00:00
2,0016417343,9030,2021-03-09 08:00:00,2021-03-09 16:00:00
1,0016503179,33142,2021-03-09 08:00:00,2021-03-09 16:00:00
1,0016510804,7328,2021-03-09 08:00:00,2021-03-09 16:00:00
1,0016575715,7270,2021-03-09 08:00:00,2021-03-09 16:00:00
1,0016564556,24441,2021-03-09 08:00:00,2021-03-09 16:00:00
1,0016581128,16743,2021-03-09 08:00:00,2021-03-09 16:00:00
1,0016403429,20602,2021-03-09 08:00:00,2021-03-09 16:00:00
1,0016403433,18004,2021-03-09 08:00:00,2021-03-09 16:00:00
1,0016403432,4203,2021-03-09 08:00:00,2021-03-09 16:00:00
1,0016403433,30885,2021-03-09 08:00:00,2021-03-09 16:00:00
1,0016403429,601,2021-03-09 08:00:00,2021-03-09 16:00:00
1,0016403432,1775,2021-03-09 08:00:00,2021-03-09 16:00:00
5,0016464834,22201,2021-03-09 08:00:00,2021-03-09 16:00:00
1,0016403432,24346,2021-03-09 08:00:00,2021-03-09 16:00:00
1,0016403429,22336,2021-03-09 08:00:00,2021-03-09 16:00:00
1,0016403433,4443,2021-03-09 08:00:00,2021-03-09 16:00:00
5,0016464834,25803,2021-03-09 08:00:00,2021-03-09 16:00:00
1,0016581127,13945,2021-03-09 08:00:00,2021-03-09 16:00:00
1,0016419764,30192,2021-03-09 08:00:00,2021-03-09 16:00:00
1,0016315625,24327,2021-03-09 08:00:00,2021-03-09 16:00:00
1,0015785448,21572,2021-03-09 08:00:00,2021-03-09 16:00:00
2,0016523559,19743,2021-03-09 08:00:00,2021-03-09 16:00:00
1,0015654847,2102,2021-03-09 08:00:00,2021-03-09 16:00:00
1,0016581115,4607,2021-03-09 08:00:00,2021-03-09 16:00:00
1,0016551745,24126,2021-03-09 08:00:00,2021-03-09 16:00:00
1,0016346106,24348,2021-03-09 08:00:00,2021-03-09 16:00:00
1,0016228295,88833,2021-03-09 08:00:00,2021-03-09 16:00:00
2,0014466115,13031,2021-03-09 08:00:00,2021-03-09 16:00:00
2,0016417343,9019,2021-03-09 08:00:00,2021-03-09 16:00:00
1,0016564556,87163,2021-03-09 08:00:00,2021-03-09 16:00:00
1,0016505812,24755,2021-03-09 08:00:00,2021-03-09 16:00:00
1,0016545913,13009,2021-03-09 08:00:00,2021-03-09 16:00:00
1,0016538761,21101,2021-03-09 08:00:00,2021-03-09 16:00:00
1,0016579909,17216,2021-03-09 08:00:00,2021-03-09 16:00:00
1,0016577395,16179,2021-03-09 08:00:00,2021-03-09 16:00:00
1,0016596656,1197,2021-03-10 08:00:00,2021-03-10 16:00:00
1,0016597980,1823,2021-03-10 08:00:00,2021-03-10 16:00:00
1,0016594253,24752,2021-03-10 08:00:00,2021-03-10 16:00:00
1,0016678408,15492,2021-03-10 08:00:00,2021-03-10 16:00:00
1,0016602166,9030,2021-03-10 08:00:00,2021-03-10 16:00:00
1,0016678408,33142,2021-03-10 08:00:00,2021-03-10 16:00:00
3,0016747808,7328,2021-03-10 08:00:00,2021-03-10 16:00:00
3,0016747808,7270,2021-03-10 08:00:00,2021-03-10 16:00:00
1,0016602166,24441,2021-03-10 08:00:00,2021-03-10 16:00:00
1,0016403435,16743,2021-03-10 08:00:00,2021-03-10 16:00:00
1,0016403444,20602,2021-03-10 08:00:00,2021-03-10 16:00:00
1,0016403444,18004,2021-03-10 08:00:00,2021-03-10 16:00:00
1,0016403435,4203,2021-03-10 08:00:00,2021-03-10 16:00:00
1,0016864889,30885,2021-03-10 08:00:00,2021-03-10 16:00:00
1,0016403444,601,2021-03-10 08:00:00,2021-03-10 16:00:00
1,0016403435,1775,2021-03-10 08:00:00,2021-03-10 16:00:00
1,0016694949,22201,2021-03-10 08:00:00,2021-03-10 16:00:00
1,0016442477,24346,2021-03-10 08:00:00,2021-03-10 11:00:00
1,0016611095,24346,2021-03-10 13:00:00,2021-03-10 14:00:00
1,0016611096,24346,2021-03-10 15:00:00,2021-03-10 16:00:00
1,0016589517,22336,2021-03-10 08:00:00,2021-03-10 16:00:00
2,0016737887,4443,2021-03-10 08:00:00,2021-03-10 16:00:00
1,0016442477,25803,2021-03-10 08:00:00,2021-03-10 11:00:00
1,0016611095,25803,2021-03-10 13:00:00,2021-03-10 14:00:00
1,0016611096,25803,2021-03-10 15:00:00,2021-03-10 16:00:00
1,0016702758,13945,2021-03-10 08:00:00,2021-03-10 16:00:00
1,0016640506,30192,2021-03-10 08:00:00,2021-03-10 16:00:00
1,0016670689,24327,2021-03-10 08:00:00,2021-03-10 16:00:00
1,0016695058,21572,2021-03-10 08:00:00,2021-03-10 10:00:00
1,0014095879,21572,2021-03-10 11:00:00,2021-03-10 13:00:00
1,0016462956,21572,2021-03-10 14:00:00,2021-03-10 15:00:00
1,0016748213,19743,2021-03-10 08:00:00,2021-03-10 16:00:00
1,0016661651,2102,2021-03-10 08:00:00,2021-03-10 16:00:00
1,0016670690,4607,2021-03-10 08:00:00,2021-03-10 16:00:00
1,0016695047,24126,2021-03-10 08:00:00,2021-03-10 16:00:00
1,0016695058,24348,2021-03-10 08:00:00,2021-03-10 10:00:00
1,0014095879,24348,2021-03-10 11:00:00,2021-03-10 13:00:00
1,0016462956,24348,2021-03-10 14:00:00,2021-03-10 15:00:00
1,0016546568,88833,2021-03-10 08:00:00,2021-03-10 16:00:00
3,0014466115,13031,2021-03-10 08:00:00,2021-03-10 16:00:00
1,0016755184,9019,2021-03-10 08:00:00,2021-03-10 16:00:00
1,0016742608,87163,2021-03-10 08:00:00,2021-03-10 16:00:00
1,0016742056,24755,2021-03-10 08:00:00,2021-03-10 16:00:00
1,0016605227,13009,2021-03-10 08:00:00,2021-03-10 16:00:00
1,0016632795,21101,2021-03-10 08:00:00,2021-03-10 16:00:00
1,0016748888,17216,2021-03-10 08:00:00,2021-03-10 16:00:00
1,0016588239,16179,2021-03-10 08:00:00,2021-03-10 16:00:00
1,0015574607,1197,2021-03-11 08:00:00,2021-03-11 16:00:00
1,0015165158,1823,2021-03-11 08:00:00,2021-03-11 16:00:00
1,0014382002,24752,2021-03-11 08:00:00,2021-03-11 16:00:00
1,0014260456,15492,2021-03-11 08:00:00,2021-03-11 16:00:00
1,0015225194,9030,2021-03-11 08:00:00,2021-03-11 16:00:00
1,0007971481,33142,2021-03-11 08:00:00,2021-03-11 16:00:00
3,0016748252,7328,2021-03-11 08:00:00,2021-03-11 16:00:00
3,0016748252,7270,2021-03-11 08:00:00,2021-03-11 16:00:00
1,0016618894,24441,2021-03-11 08:00:00,2021-03-11 16:00:00
2,0012384773,16743,2021-03-11 08:00:00,2021-03-11 16:00:00
1,0014532376,20602,2021-03-11 08:00:00,2021-03-11 16:00:00
2,0016702758,18004,2021-03-11 08:00:00,2021-03-11 16:00:00
2,0012158880,4203,2021-03-11 08:00:00,2021-03-11 16:00:00
1,0015334702,30885,2021-03-11 08:00:00,2021-03-11 16:00:00
2,0012384773,601,2021-03-11 08:00:00,2021-03-11 16:00:00
2,0006281459,1775,2021-03-11 08:00:00,2021-03-11 16:00:00
1,0013952864,22201,2021-03-11 08:00:00,2021-03-11 16:00:00
1,0013954397,24346,2021-03-11 08:00:00,2021-03-11 16:00:00
2,0006281459,22336,2021-03-11 08:00:00,2021-03-11 16:00:00
2,0012158880,4443,2021-03-11 08:00:00,2021-03-11 16:00:00
1,0015592709,25803,2021-03-11 08:00:00,2021-03-11 16:00:00
2,0006281459,13945,2021-03-11 08:00:00,2021-03-11 16:00:00
1,0013894042,30192,2021-03-11 08:00:00,2021-03-11 16:00:00
1,0014942463,24327,2021-03-11 08:00:00,2021-03-11 16:00:00
1,0013954420,21572,2021-03-11 08:00:00,2021-03-11 16:00:00
1,0014691425,19743,2021-03-11 08:00:00,2021-03-11 16:00:00
1,0013954395,2102,2021-03-11 08:00:00,2021-03-11 16:00:00
1,0014048949,4607,2021-03-11 08:00:00,2021-03-11 16:00:00
1,0014942464,24126,2021-03-11 08:00:00,2021-03-11 16:00:00
1,0014095284,24348,2021-03-11 08:00:00,2021-03-11 16:00:00
1,0013066454,88833,2021-03-11 08:00:00,2021-03-11 16:00:00
4,0014466115,13031,2021-03-11 08:00:00,2021-03-11 16:00:00
1,0014198078,9019,2021-03-11 08:00:00,2021-03-11 16:00:00
1,0014566650,87163,2021-03-11 08:00:00,2021-03-11 16:00:00
1,0014569855,24755,2021-03-11 08:00:00,2021-03-11 16:00:00
1,0015165157,13009,2021-03-11 08:00:00,2021-03-11 16:00:00
1,0015218478,21101,2021-03-11 08:00:00,2021-03-11 16:00:00
1,0015286992,17216,2021-03-11 08:00:00,2021-03-11 16:00:00
1,0014560151,16179,2021-03-11 08:00:00,2021-03-11 16:00:00
1,0016369404,1197,2021-03-12 08:00:00,2021-03-12 16:00:00
1,0016330201,1823,2021-03-12 08:00:00,2021-03-12 16:00:00
1,0016433875,24752,2021-03-12 08:00:00,2021-03-12 16:00:00
1,0015781731,15492,2021-03-12 08:00:00,2021-03-12 16:00:00
1,0015973607,9030,2021-03-12 08:00:00,2021-03-12 16:00:00
1,0015838307,33142,2021-03-12 08:00:00,2021-03-12 16:00:00
1,0015991066,7328,2021-03-12 08:00:00,2021-03-12 16:00:00
6,0015622026,7270,2021-03-12 08:00:00,2021-03-12 16:00:00
1,0015275250,24441,2021-03-12 08:00:00,2021-03-12 16:00:00
1,0016459461,16743,2021-03-12 08:00:00,2021-03-12 16:00:00
1,0015699378,20602,2021-03-12 08:00:00,2021-03-12 16:00:00
1,0015837733,18004,2021-03-12 08:00:00,2021-03-12 16:00:00
3,0016702758,4203,2021-03-12 08:00:00,2021-03-12 16:00:00
1,0016125766,30885,2021-03-12 08:00:00,2021-03-12 16:00:00
1,0015912379,601,2021-03-12 08:00:00,2021-03-12 16:00:00
1,0015876601,1775,2021-03-12 08:00:00,2021-03-12 16:00:00
1,0016063774,22201,2021-03-12 08:00:00,2021-03-12 16:00:00
1,0015781745,24346,2021-03-12 08:00:00,2021-03-12 16:00:00
1,0016125762,22336,2021-03-12 08:00:00,2021-03-12 16:00:00
1,0016061242,4443,2021-03-12 08:00:00,2021-03-12 16:00:00
1,0016267848,25803,2021-03-12 08:00:00,2021-03-12 16:00:00
1,0016109431,13945,2021-03-12 08:00:00,2021-03-12 16:00:00
1,0016377831,30192,2021-03-12 08:00:00,2021-03-12 16:00:00
1,0015751734,24327,2021-03-12 08:00:00,2021-03-12 16:00:00
1,0016433878,21572,2021-03-12 08:00:00,2021-03-12 16:00:00
1,0016136901,19743,2021-03-12 08:00:00,2021-03-12 16:00:00
1,0016420694,2102,2021-03-12 08:00:00,2021-03-12 16:00:00
1,0015714555,4607,2021-03-12 08:00:00,2021-03-12 16:00:00
1,0015752307,24126,2021-03-12 08:00:00,2021-03-12 16:00:00
1,0015950121,24348,2021-03-12 08:00:00,2021-03-12 16:00:00
1,0016440826,88833,2021-03-12 08:00:00,2021-03-12 16:00:00
1,0015879562,13031,2021-03-12 08:00:00,2021-03-12 16:00:00
1,0016420695,9019,2021-03-12 08:00:00,2021-03-12 16:00:00
1,0015751743,87163,2021-03-12 08:00:00,2021-03-12 16:00:00
1,0016089144,24755,2021-03-12 08:00:00,2021-03-12 16:00:00
1,0016399686,13009,2021-03-12 08:00:00,2021-03-12 16:00:00
1,0015781422,21101,2021-03-12 08:00:00,2021-03-12 16:00:00
1,0016063775,17216,2021-03-12 08:00:00,2021-03-12 16:00:00
1,0016379079,16179,2021-03-12 08:00:00,2021-03-12 16:00:00
